{
  "balanced_accuracy": 0.8628557253304314,
  "f1": 0.8412518524976026,
  "precision": 0.9997927890592623,
  "recall": 0.7261098570353649
}
