{
  "balanced_accuracy": 0.864785553047404,
  "f1": 0.8436439571913339,
  "precision": 1.0,
  "recall": 0.7295711060948081
}
